betai_mode,betaj_mode,betaij_mode,k_mode,m_mode,betai_low,betaj_low,betaij_low,k_low,m_low,betai_hi,betaj_hi,betaij_hi,k_hi,m_hi,betai,betaj,betaij,k,m,sigma,gamma,Ni,Ei0,Ii0,Ri0,Nj,Ej0,Ij0,Rj0
8.746278283,9.012532537,0.146428188,2.385512896,16.63997017,7.160159615,7.884732401,0.015355163,1.313630069,5.842060528,10.25487644,10.6260687,0.415556102,4.468059415,29.91152537,10.04104074,8.876951583,0.10830829,2.234889489,13.04781811,1.949860724,1.966292135,14254,103,103,584,20785,2,2,852
11.93665581,9.604600328,0.297650761,5.004192727,0.537971979,10.92511924,8.343288543,0.099040311,2.862472717,0.003862201,12.94491997,10.6742361,0.619010791,10.51493091,5.187669462,12.21677432,10.14447102,0.210132769,4.714108402,2.037924288,1.949860724,1.966292135,14254,103,103,584,20785,2,2,852
11.97242437,8.115675049,0.349812258,1.198358318,13.048456,10.26650624,6.053479905,0.056677502,0.698291349,2.645482239,13.99258802,9.98876323,1.250328687,1.808461032,33.59062257,11.86008393,8.944058814,0.327724896,1.464924345,8.265313105,1.949860724,1.966292135,14254,103,103,584,20785,2,2,852
11.53578227,9.396036374,0.074305784,3.806057029,24.85424992,10.51548958,8.36977623,0.00053418,1.989984116,8.912206035,12.90551933,10.85222855,0.188124751,7.484468797,45.17616738,12.13279612,10.04306644,0.117532468,5.068729601,12.39849531,1.949860724,1.966292135,14254,103,103,584,20785,2,2,852
11.01962453,8.788483067,0.127951339,4.093846856,6.029895956,9.580514439,7.61187987,0.000635509,2.210050104,0.804508069,12.09543137,10.38240046,0.397721868,9.393329666,16.40458296,10.68604023,8.108458984,0.168686881,2.84273634,17.26630693,1.949860724,1.966292135,14254,103,103,584,20785,2,2,852
9.882586144,10.36571688,0.257674466,9.736304557,10.41579821,9.016520761,9.74718091,0.102699617,4.655913733,5.30615194,11.20097552,11.28974021,0.455592059,17.09749648,18.23472046,10.43197918,10.37862106,0.20424717,4.410846819,7.636165358,1.949860724,1.966292135,14254,103,103,584,20785,2,2,852
11.09268915,9.786594496,0.414326736,2.414908195,6.270554148,9.444939242,8.828796581,0.09796214,1.387013554,0.177256877,12.49653825,11.04089953,0.987163204,3.68876355,17.05052673,11.91626904,10.43252354,0.234258446,2.735004353,7.495668695,1.949860724,1.966292135,14254,103,103,584,20785,2,2,852
11.1867506,7.861920482,0.225781493,2.585331241,1.840439072,9.783077311,6.007330652,0.014363342,1.507842905,0.003501612,12.30869906,9.659934762,0.626271036,4.761503791,11.02502747,11.37465033,8.817642133,0.202360314,2.420048224,3.69574078,1.949860724,1.966292135,14254,103,103,584,20785,2,2,852
11.01630472,10.3031633,0.115484287,4.802725337,8.435012505,10.20484497,9.473704518,0.00011687,2.01431877,1.382807088,12.35947624,11.35839084,0.318969855,8.745039553,18.74870211,11.46533597,9.470478055,0.264499236,5.717547211,3.794092898,1.949860724,1.966292135,14254,103,103,584,20785,2,2,852
11.0894212,0.855930992,0.002148203,2.51573004,16.42521996,9.575157886,0.002453398,2.68E-05,1.127895134,2.393675229,13.27981535,9.329357885,0.022717045,4.603717032,24.97591058,9.904075865,9.773704121,0.011024149,3.819797192,15.81067637,1.949860724,1.966292135,14254,103,103,584,20785,2,2,852
10.73289328,8.570949936,0.206988478,4.179190828,5.40969044,9.206702069,6.626721858,0.008919238,1.800530298,1.689509514,11.73620356,9.712998331,0.443474109,9.151937385,13.92839699,10.79692778,8.151367626,0.110516373,3.966291298,5.719213574,1.949860724,1.966292135,14254,103,103,584,20785,2,2,852
9.673368587,7.930253092,0.053217333,2.371124938,22.72847919,8.030309258,4.83801985,0.000409988,1.209767847,7.498456297,10.83628215,10.50903627,0.157825622,5.051753625,43.03678818,11.16695698,8.759900784,0.031912549,1.758031361,6.004303738,1.949860724,1.966292135,14254,103,103,584,20785,2,2,852
11.94604195,8.925212629,0.252114128,2.41319417,1.440975613,10.83104263,6.989042579,0.008663607,1.361420678,0.004559423,13.04758811,10.09682504,0.706261765,4.348280861,10.10164686,12.00242016,8.736165555,0.311222522,3.762620424,6.432391764,1.949860724,1.966292135,14254,103,103,584,20785,2,2,852
9.720931568,9.374301007,0.235379855,0.991191322,14.66714053,7.815787238,8.072522837,0.014254174,0.622747918,2.875376191,11.3634569,11.03557518,0.782462497,1.780814534,54.4872176,10.22185478,10.30132237,0.194430136,1.578976183,9.51114419,1.949860724,1.966292135,14254,103,103,584,20785,2,2,852
11.37259209,8.428166328,0.343789993,4.685239514,14.30755618,10.02787834,7.740769235,0.153886712,2.316539015,7.549467066,12.19339057,9.857165132,0.692183723,7.050972029,28.40493563,11.14381989,9.173498065,0.064136567,3.515189084,11.41168926,1.949860724,1.966292135,14254,103,103,584,20785,2,2,852
10.9276983,10.08724069,0.374066764,3.329401109,3.330071764,9.577854591,9.163561873,0.150311336,1.778608853,0.000296989,12.62415115,11.23897694,0.844669251,5.617916485,12.29932329,11.81733928,9.975959685,0.180782752,2.331345859,2.538237569,1.949860724,1.966292135,14254,103,103,584,20785,2,2,852
9.543106247,10.76327182,0.13317599,2.098381237,17.99881791,8.354503785,9.949976397,0.010959748,1.167508068,6.385177455,11.18576046,12.54308784,0.302299137,3.703603427,39.59752244,11.12067991,10.15828306,0.136062955,3.630852903,13.76442816,1.949860724,1.966292135,14254,103,103,584,20785,2,2,852
10.31203008,7.782863418,0.11631548,7.37431452,8.607247224,9.188410104,5.9396404,0.016311237,1.954028907,2.978759235,11.31849301,9.851507495,0.301190969,37.05316959,16.96902119,10.57668936,8.510629125,0.094470146,4.894586066,4.301057644,1.949860724,1.966292135,14254,103,103,584,20785,2,2,852
9.565348567,10.15733942,0.016995441,2.91699483,21.40166429,8.118701269,8.481423898,0.000177193,1.357883982,8.132551692,10.50733185,12.05573931,0.119338954,5.32021605,44.89232964,9.848014115,9.883902773,0.037709517,3.080709633,9.89773032,1.949860724,1.966292135,14254,103,103,584,20785,2,2,852
9.196525699,7.738786481,0.239693334,4.000331949,15.04124732,7.850119404,6.644394332,0.06613002,1.774143427,8.270696122,10.66446689,9.414506773,0.491428736,7.218120989,32.35038737,10.11103388,7.696918086,0.191675482,2.926399677,14.55007593,1.949860724,1.966292135,14254,103,103,584,20785,2,2,852
10.04329207,6.239915813,0.404432322,5.624286454,18.26144739,9.038918494,4.779370762,0.135110935,2.029721189,10.56400581,11.28192548,8.134052595,0.711363002,10.75404905,31.91763107,10.22582707,8.261683701,0.227467514,5.559177493,17.53197917,1.949860724,1.966292135,14254,103,103,584,20785,2,2,852
12.45798935,9.691585317,0.17387337,3.221275256,6.675687378,11.32599952,8.649951644,0.039745576,1.81680362,0.370364189,13.61831773,10.95997719,0.411536218,5.267276429,16.43421675,11.60797563,10.01103519,0.266144918,4.524845086,13.56197729,1.949860724,1.966292135,14254,103,103,584,20785,2,2,852
10.93511792,7.462781486,0.289364061,8.033871363,5.129646076,9.530280735,4.582902673,0.014967048,3.1171254,0.838366835,11.80542595,9.516935758,0.626770348,32.85712356,11.1152589,11.7270327,7.862439635,0.242268811,4.387370088,3.384445329,1.949860724,1.966292135,14254,103,103,584,20785,2,2,852
10.14466378,8.275519997,0.294642899,2.301329596,11.32276389,8.834105856,7.354439861,0.095979457,1.335801875,2.312325445,11.6707578,9.860512802,0.830417751,3.651747821,24.9245761,11.29147331,9.387785731,0.300916533,3.205183542,3.572264998,1.949860724,1.966292135,14254,103,103,584,20785,2,2,852
8.448043309,7.75968109,0.242045919,1.4546357,10.08571879,6.960466843,6.206327744,0.003357916,0.819711444,1.468090075,10.45817418,9.873626724,0.662126702,2.466511959,26.86196988,10.07974401,8.008590115,0.318053241,1.627041375,7.416676012,1.949860724,1.966292135,14254,103,103,584,20785,2,2,852
10.83375967,3.521201556,0.066543442,3.615654426,8.841189913,9.481529862,0.060235496,0.002939649,1.821615182,2.510896175,11.89255365,9.013544456,0.209454705,10.52635204,20.0174392,11.32970654,7.937153168,0.01747135,3.575762779,6.257687651,1.949860724,1.966292135,14254,103,103,584,20785,2,2,852
12.35625232,9.095843692,0.129802994,2.312585975,13.81477671,11.01388628,8.138214029,0.00672803,1.418035189,4.077383006,13.6644546,10.81709649,0.31900454,3.677973747,33.07551019,11.64865051,9.014407572,0.259132605,1.979579305,15.23672641,1.949860724,1.966292135,14254,103,103,584,20785,2,2,852
10.65325291,8.335501222,0.452566606,1.975668187,27.03407186,8.788675688,7.186190182,0.11102925,1.09551399,11.61519299,12.13031955,9.535494359,0.986425994,2.931292646,52.9080299,12.03630056,9.591614028,0.094858519,2.416289842,6.79055003,1.949860724,1.966292135,14254,103,103,584,20785,2,2,852
9.885835012,5.068482976,0.133036569,2.02637396,5.127565868,8.222755338,0.00143607,0.0038299,0.893579212,0.460578548,11.1142461,7.713191097,0.619828658,4.210696739,20.96137873,9.812050401,7.846114907,0.068700439,2.075615409,7.846642782,1.949860724,1.966292135,14254,103,103,584,20785,2,2,852
10.6015782,10.1956276,0.214250633,6.038988251,14.40726212,9.190545219,9.326317652,0.041901554,3.064141154,5.168185324,11.67763027,11.1025302,0.418758849,11.4825879,22.80262132,11.05940054,10.27086562,0.22993068,5.017741127,12.84981371,1.949860724,1.966292135,14254,103,103,584,20785,2,2,852
11.15621625,8.034527178,0.293308183,6.170164563,10.04456045,10.12215243,6.968075825,0.107334806,3.373002222,4.556806501,12.1965234,9.389785291,0.567488122,11.75413101,18.69975095,10.82973546,8.853881646,0.320636274,4.79923299,13.51340161,1.949860724,1.966292135,14254,103,103,584,20785,2,2,852
11.01466402,8.634650103,0.112034581,3.557316444,1.453728169,9.666176163,7.598417417,3.24E-05,1.66483725,0.00097928,11.96209532,10.4285527,0.28115359,6.325065242,12.15377237,10.52260361,9.116879994,0.114471418,3.138236609,5.085190331,1.949860724,1.966292135,14254,103,103,584,20785,2,2,852
11.22499065,8.602462691,0.190630178,3.596345518,11.70174215,10.17673457,7.375252462,0.041777302,1.81669651,4.576946569,12.57175893,10.08804374,0.492996138,6.449241971,26.04434961,11.89722375,8.317308662,0.163210375,5.209151605,15.65707536,1.949860724,1.966292135,14254,103,103,584,20785,2,2,852
11.43952137,8.662162489,0.261075095,4.748691111,3.443951026,10.3730698,7.465819478,0.060064067,2.594360277,0.112106606,12.67625956,9.849098676,0.524790853,7.972858733,11.99004303,11.57747611,9.160447771,0.289274778,4.252852096,7.068060493,1.949860724,1.966292135,14254,103,103,584,20785,2,2,852
11.7498064,8.292763955,0.372064612,4.29252352,8.145602475,10.67566326,7.311997836,0.175539842,2.477002877,2.907546903,12.79016901,9.451378045,0.735605891,7.861178,18.63045618,10.99661538,8.042021669,0.322137029,4.302673833,15.56044948,1.949860724,1.966292135,14254,103,103,584,20785,2,2,852
8.616501516,6.164909212,0.285695218,1.547238859,6.051620779,6.641321158,4.211182752,0.005603488,0.779961742,0.087093183,10.5348237,8.776563115,0.81133205,3.100935476,26.68107941,9.925092094,8.236507511,0.206828996,1.806904702,2.189632467,1.949860724,1.966292135,14254,103,103,584,20785,2,2,852
10.97670383,7.573499335,0.085329474,2.452797138,22.91460693,9.523386803,5.844580759,0.006315996,1.324723478,8.725824744,11.96970902,9.71203204,0.250664209,4.405010259,48.6450651,11.52197623,8.594590361,0.089345021,2.980336681,11.83653782,1.949860724,1.966292135,14254,103,103,584,20785,2,2,852
9.451953311,10.01434246,0.056311773,3.949352954,11.94325774,8.138079971,8.011711486,0.000564313,1.716203742,5.591440396,10.59053241,11.45474272,0.186990531,8.801786723,24.02795612,10.87884537,10.1047973,0.087173426,4.962036922,6.95885041,1.949860724,1.966292135,14254,103,103,584,20785,2,2,852
10.10817792,8.174800551,0.082212688,2.632219356,12.21039285,8.804598264,6.055823445,0.000115532,1.043645689,3.652461399,11.38107591,10.21614482,0.208397578,4.651865987,27.65296924,11.0853305,9.418248655,0.045112502,2.520386022,8.07290254,1.949860724,1.966292135,14254,103,103,584,20785,2,2,852
12.71784178,9.453752821,0.200815002,7.658922304,4.700307869,11.75828182,8.369014309,0.030618625,4.668509035,0.026416194,13.67935452,10.52974767,0.419166066,16.95107999,10.47271135,12.21528343,9.832901094,0.129113656,5.423002643,4.654673449,1.949860724,1.966292135,14254,103,103,584,20785,2,2,852
13.43175788,9.027529717,0.145123931,1.293004389,3.38143248,11.72754355,6.734308441,0.000298545,0.841443311,0.014800947,14.97571591,10.87692189,0.559684155,2.229352229,18.64178799,12.18748503,9.636214915,0.160982413,2.023387213,9.628905188,1.949860724,1.966292135,14254,103,103,584,20785,2,2,852
10.35504228,9.871473209,0.011089146,1.725715553,17.49888336,9.243076731,8.360318003,0.0002533,0.931611634,8.558524428,11.92695207,12.44502632,0.055654215,2.647677013,55.04764129,11.17354748,8.197632896,0.059458235,2.283806861,17.79487876,1.949860724,1.966292135,14254,103,103,584,20785,2,2,852
11.11771091,8.674706361,0.042381214,1.956995992,4.198602664,9.819624095,6.218070966,0.000563763,1.112800725,0.019908148,12.42889953,10.88194131,0.129678773,3.641638969,16.15439182,11.22224477,8.800217202,0.05395038,2.811869049,4.163112784,1.949860724,1.966292135,14254,103,103,584,20785,2,2,852
9.543764166,8.498379761,0.612863886,3.478926434,22.45492441,8.338394571,7.664641673,0.291503098,1.836324382,11.57032325,11.1160199,9.533449467,1.091647903,5.295200525,44.2783064,11.00600428,9.086925484,0.280446627,3.886101284,11.92570311,1.949860724,1.966292135,14254,103,103,584,20785,2,2,852
11.54103297,5.94533027,0.132153156,10.36909409,16.94780512,10.40368958,2.480507691,0.013340915,2.994188374,9.913275774,12.37852523,8.788665753,0.322560454,40.19805957,26.27068145,10.71637252,9.927372036,0.002256509,4.630316316,17.85692936,1.949860724,1.966292135,14254,103,103,584,20785,2,2,852
12.32878483,9.842764855,0.179603886,4.958673295,17.51872004,11.20658366,8.836581201,0.070502656,2.53749341,9.582637107,13.46281826,10.63817206,0.357034282,7.575860244,29.57174398,11.46170248,9.72363011,0.253693366,5.281500868,16.5106724,1.949860724,1.966292135,14254,103,103,584,20785,2,2,852
11.41809757,3.693605402,0.002370414,13.59906238,6.657799573,10.48824495,0.093227719,1.68E-05,1.85930416,2.798838594,12.4895963,10.15856665,0.024604706,43.63060936,13.61300442,11.5399249,7.762143886,0.005898624,5.341700443,5.280054751,1.949860724,1.966292135,14254,103,103,584,20785,2,2,852
11.88804287,10.56135064,0.189033097,5.35931077,9.109611786,10.96745476,9.604262691,0.032519513,3.158693327,4.409542334,13.17108134,11.34336395,0.401043576,9.830727191,20.63704727,12.15894149,10.19277781,0.247078633,5.457899074,5.592991841,1.949860724,1.966292135,14254,103,103,584,20785,2,2,852
10.69341078,9.608250534,0.076809305,3.18311706,9.527493894,9.482060151,8.235164091,0.001309989,1.521953844,0.848741146,11.97587749,11.07587145,0.27012348,5.197362461,20.05659539,10.90968484,9.863292528,0.155171476,4.118228953,10.04033735,1.949860724,1.966292135,14254,103,103,584,20785,2,2,852
10.42966668,9.746169872,0.106875541,2.384100444,9.640850638,8.947485614,8.312509378,0.001155009,1.429068248,1.602824576,11.58781479,10.95488107,0.330056957,3.857585229,24.58679842,10.48677609,9.285805683,0.303167718,1.881853513,13.29656259,1.949860724,1.966292135,14254,103,103,584,20785,2,2,852
10.83758331,8.209118233,0.202608422,5.328677948,5.793156955,9.797595044,6.384898063,0.002089079,2.353708469,1.46608608,12.09788913,10.23163231,0.431469935,9.546384671,14.77690623,10.89623214,7.979288802,0.33825516,5.791766951,6.633438274,1.949860724,1.966292135,14254,103,103,584,20785,2,2,852
11.16617836,10.16322583,0.138052219,1.535541314,3.37442902,9.324150179,8.771015282,0.002736813,0.781966819,0.094528789,12.22621228,11.41079648,0.500294225,2.436442183,16.01748553,11.3951774,10.4679054,0.142183075,2.490548219,3.11135457,1.949860724,1.966292135,14254,103,103,584,20785,2,2,852
10.52503971,10.25397325,0.083293008,2.31792044,21.37214214,9.258675935,9.126108978,0.005991384,1.198371178,7.079264852,11.87953305,11.43594646,0.265490125,3.918804852,39.82969962,10.94838942,9.360665858,0.120662944,3.27054123,17.4442519,1.949860724,1.966292135,14254,103,103,584,20785,2,2,852
10.55242445,10.96296209,0.139438033,5.677712705,6.110523484,9.603740856,10.2307265,0.009394282,3.401753446,1.047629431,11.96511642,11.89283827,0.281836488,11.28201811,14.49916516,10.32933873,10.4581729,0.277936834,5.398285868,11.1073134,1.949860724,1.966292135,14254,103,103,584,20785,2,2,852
10.65996378,9.984301938,0.136037323,2.227615283,10.78377453,9.529903795,8.704378013,0.001658453,1.319902434,1.613347355,12.19983595,11.19773004,0.314994197,3.581746683,26.70361889,11.96219123,9.20171463,0.131926757,2.124417434,9.830946775,1.949860724,1.966292135,14254,103,103,584,20785,2,2,852
11.03149941,9.123629857,0.106818201,3.920577886,17.04756438,9.770170564,7.83649342,0.003303975,2.088634641,10.17210665,12.0116599,10.45967662,0.280552575,6.667949332,33.32083636,11.04180316,8.293767206,0.219292273,3.535834957,14.6723027,1.949860724,1.966292135,14254,103,103,584,20785,2,2,852
11.09175966,6.493034922,0.319656894,2.449208631,10.75325871,9.912164795,4.478062291,0.034776333,1.359047113,2.662132673,12.33828744,9.100087436,0.775095504,4.333262132,25.54297167,10.19370846,8.684698975,0.149205368,2.616634953,14.0722706,1.949860724,1.966292135,14254,103,103,584,20785,2,2,852
11.4859817,7.427287359,0.649744819,2.955866821,13.68438604,10.47268753,5.460073875,0.195075455,1.878449807,6.529117459,12.94948457,8.764244623,1.301378667,5.239375713,27.69386579,11.6751415,8.623914191,0.286132137,3.063187129,16.64262515,1.949860724,1.966292135,14254,103,103,584,20785,2,2,852
11.7721576,8.628754293,0.056887061,1.741159415,4.732806576,10.67198183,6.814773334,3.34E-05,0.953889656,0.031695929,13.13383307,11.0845386,0.256549581,2.980514997,18.12944942,10.30659778,7.891177934,0.123268094,1.694373098,9.269148671,1.949860724,1.966292135,14254,103,103,584,20785,2,2,852
9.939923206,8.694761645,0.271024494,5.068708999,13.85075667,8.744933106,7.685952255,0.095112643,2.343123147,6.647213719,11.29093253,9.761510078,0.554658621,7.837779508,28.58620615,10.01148864,8.952677247,0.222333645,4.151788407,14.25209936,1.949860724,1.966292135,14254,103,103,584,20785,2,2,852
9.829475088,4.627166573,0.200547864,2.331704924,5.489605166,8.34334254,0.031564289,0.00106061,1.257045783,0.597108363,11.0733141,8.093989741,0.808593852,5.304019113,15.52635686,9.960332725,8.169704149,0.017635553,1.727625826,7.268794586,1.949860724,1.966292135,14254,103,103,584,20785,2,2,852
10.522634,8.854850969,0.618195656,3.313170872,12.93596195,8.947417109,7.826966739,0.312856878,2.190603982,5.092466523,11.84611325,9.709580973,1.169725411,6.069642653,23.49649959,10.62530421,9.435292038,0.348616196,3.728212702,15.41022768,1.949860724,1.966292135,14254,103,103,584,20785,2,2,852
12.22745728,8.405131096,0.298964182,2.436979893,4.080336601,10.45832339,6.16354209,0.045178746,1.502764594,0.105192933,12.96165307,9.771603127,0.838567259,4.334067603,13.91097504,12.09380075,8.53466964,0.165849309,2.671791589,8.546963354,1.949860724,1.966292135,14254,103,103,584,20785,2,2,852
8.211792094,8.372696946,0.098290039,4.421040757,6.589757086,6.76707594,6.463505632,0.001533436,1.297867892,0.447660405,10.08107724,10.5295763,0.322066361,16.26167865,16.48706785,9.985762186,9.273908407,0.236523129,3.932905349,2.678353189,1.949860724,1.966292135,14254,103,103,584,20785,2,2,852
10.90308059,10.2112706,0.192436876,3.39587173,4.429718358,9.150645396,8.90154368,0.005390885,1.670949739,0.019737197,11.95310246,11.28046822,0.500301544,5.506665514,13.53272851,11.26240689,9.536405067,0.31314025,3.439585337,2.46062471,1.949860724,1.966292135,14254,103,103,584,20785,2,2,852
11.61745088,10.0367941,0.137261811,4.61125089,5.456633093,10.70122839,8.981988883,0.019195015,2.44992932,0.026882761,12.88057766,11.17453821,0.348445793,7.972980534,14.32806217,10.65393125,9.515656822,0.174665223,4.697255052,10.42943341,1.949860724,1.966292135,14254,103,103,584,20785,2,2,852
11.90360528,4.530482628,0.048257808,3.342270808,13.73615258,10.86698411,0.157108678,0.003588114,1.572838385,5.135626431,13.31548076,8.287617825,0.179337551,5.870827467,28.94645895,11.49389027,8.699455289,0.023243135,2.996715264,10.5726368,1.949860724,1.966292135,14254,103,103,584,20785,2,2,852
11.22221178,9.587378212,0.328834675,4.057821093,18.57174187,10.15569117,8.558660481,0.108819933,2.429471607,11.35514154,12.467826,10.34830106,0.585718337,6.66455428,35.47960363,11.74776636,9.696562107,0.241351209,4.310373567,16.95357764,1.949860724,1.966292135,14254,103,103,584,20785,2,2,852
10.63887283,8.015682617,0.126717847,4.26752387,14.00059388,9.545501832,6.533494907,0.014283621,1.970878769,6.803594099,11.61168215,9.984521086,0.287593691,8.118996509,25.18931283,11.21067762,7.818768749,0.10482436,5.109299153,12.43896733,1.949860724,1.966292135,14254,103,103,584,20785,2,2,852
12.04887269,9.585374838,0.24540677,7.627436105,12.66941103,11.12401235,8.589657459,0.085166238,4.129280877,6.6507531,13.05986285,10.37641332,0.452889764,13.27175145,20.3361951,12.10963278,10.09498863,0.101274226,5.738781563,15.0980033,1.949860724,1.966292135,14254,103,103,584,20785,2,2,852
12.38346693,8.285472722,0.164249635,5.692338703,12.53404654,11.51467749,7.241110496,0.01586996,3.055365304,4.867235445,13.41613857,10.02620516,0.341274566,10.86807362,21.22966304,11.84503818,8.489889586,0.040811158,4.562722853,14.38721121,1.949860724,1.966292135,14254,103,103,584,20785,2,2,852
10.89837586,9.092642227,0.428664188,2.44094319,6.836059486,9.553087959,7.782227622,0.105339909,1.589189126,0.956866276,12.66355645,10.12860219,1.083666567,4.165564549,16.85873358,10.75496534,9.575253082,0.214359146,3.214770835,10.70204682,1.949860724,1.966292135,14254,103,103,584,20785,2,2,852
9.044236301,11.2541511,0.118310764,4.13579931,15.56288991,7.604118986,10.32286338,0.022428715,2.218390825,8.548987507,10.38637155,12.31230797,0.266142443,7.082187769,36.52445365,10.51433558,10.34871927,0.145854816,2.887551779,8.621785695,1.949860724,1.966292135,14254,103,103,584,20785,2,2,852
9.616998404,9.346676968,0.033277054,5.924711067,5.738701505,8.424156089,7.158802806,8.76E-05,0.536016358,1.087237334,11.00276725,11.71112489,0.129990411,22.6653464,12.47755147,10.25322477,10.03426609,0.025077235,4.459264482,8.087742146,1.949860724,1.966292135,14254,103,103,584,20785,2,2,852
11.3285565,8.839740748,0.135131389,4.488291316,25.1250169,10.46556741,7.800520668,0.034431551,2.155666364,10.16129833,12.76456238,10.16054725,0.303444119,7.23230817,41.59654656,11.98182158,8.66147575,0.083735092,3.6541495,16.79013481,1.949860724,1.966292135,14254,103,103,584,20785,2,2,852
9.440612707,9.951708677,0.466394337,3.388994608,12.64571101,7.962703977,9.223368878,0.165217442,1.950038398,2.306059722,11.19745898,11.08694794,0.790524623,5.470677669,22.03202731,10.14560078,9.481348959,0.331643532,4.78618811,10.24381154,1.949860724,1.966292135,14254,103,103,584,20785,2,2,852
9.4205295,9.141390886,0.138746701,4.814000626,13.49919441,8.335617943,8.080591882,0.015212061,2.58288073,2.540426833,10.89017959,10.74619869,0.302849801,9.106579267,25.45088392,9.946738505,8.364684284,0.047120498,5.27530097,11.16167204,1.949860724,1.966292135,14254,103,103,584,20785,2,2,852
11.13740909,7.734860545,0.127732413,4.95351393,8.641810531,9.776109172,5.545134925,0.008933197,2.996163699,1.806740562,12.01812719,9.711283931,0.290371242,11.70911988,16.29012252,10.768037,8.973189168,0.153192544,5.189472871,12.58364161,1.949860724,1.966292135,14254,103,103,584,20785,2,2,852
10.55747873,4.247578397,0.225474864,4.141941044,6.390409205,9.186683536,0.003162431,0.030642072,1.626148418,1.922932379,11.57979958,7.441363717,0.700127655,9.562130549,14.60769999,10.15175518,7.721835538,0.079166072,5.518564008,8.915265221,1.949860724,1.966292135,14254,103,103,584,20785,2,2,852
10.37774848,9.105942198,0.280717927,2.559944189,14.99376571,8.785189711,7.922166916,0.071949522,1.414274877,5.460823693,11.44483682,10.1205683,0.636736184,4.049647568,31.14185775,10.95619386,8.384040086,0.346495532,2.295021788,16.20608087,1.949860724,1.966292135,14254,103,103,584,20785,2,2,852
9.900049332,9.934762175,0.191432617,2.707734477,14.7142824,8.728004064,8.668042046,0.039600378,1.699847335,6.620609356,11.55789109,10.85853742,0.433253169,4.581898014,36.66089497,9.858677084,9.652512757,0.186642555,2.182356792,13.94244746,1.949860724,1.966292135,14254,103,103,584,20785,2,2,852
10.51570269,7.886723277,0.37698385,6.774341785,8.87547602,9.066420499,6.394285773,0.114545599,3.595918997,2.705158699,11.52161214,8.989758932,0.650505618,14.27339551,19.0359507,10.36880521,7.916741187,0.306374829,5.009032748,9.052911468,1.949860724,1.966292135,14254,103,103,584,20785,2,2,852
12.24977795,7.402146452,0.078824001,8.85056788,8.694409372,11.34271071,4.323938876,0.000506185,3.624437001,3.198061695,13.21658702,9.701236866,0.219977856,26.14125103,15.24382426,11.63075784,8.451483306,0.029879967,4.869057293,12.94506688,1.949860724,1.966292135,14254,103,103,584,20785,2,2,852
13.0280886,1.223765616,0.282679401,4.216812408,0.320496771,12.22621801,0.004641626,0.042695023,1.880561146,0.012576219,14.07164781,7.415000172,0.495036667,7.799149899,5.72790789,12.06731961,8.100887393,0.049168752,4.00560779,3.227580564,1.949860724,1.966292135,14254,103,103,584,20785,2,2,852
10.5154721,9.37431433,0.153753053,4.234532757,7.723211237,9.462868691,8.094047453,0.003784372,2.339825866,2.2042394,11.78068509,10.90900661,0.317681832,9.400010558,17.82557182,10.55332525,9.050038854,0.248919454,5.637860396,14.81083852,1.949860724,1.966292135,14254,103,103,584,20785,2,2,852
10.97570079,9.345049105,0.125726599,2.190577398,10.06109235,9.706642347,8.249298081,0.004477,1.263472029,3.377854695,12.39792974,11.00587703,0.378199186,3.60654034,27.33743277,10.85386694,8.338002008,0.333200299,1.618288852,10.84331077,1.949860724,1.966292135,14254,103,103,584,20785,2,2,852
10.17770821,8.759107443,0.227849908,2.68100753,11.43929946,9.17884914,7.612595236,0.056353343,1.71365634,4.55226466,11.53862567,9.960075935,0.547403176,4.583896486,26.33178908,10.67048668,9.074715166,0.075234821,3.394759674,11.57426974,1.949860724,1.966292135,14254,103,103,584,20785,2,2,852
10.33070861,10.05578721,0.751882188,5.501590462,4.632181164,8.680940691,9.264953985,0.389317254,2.983708247,0.374192736,11.87621417,10.87370664,1.260916979,10.83037666,14.07598374,10.45762638,10.22568796,0.255946158,3.35259715,5.033032157,1.949860724,1.966292135,14254,103,103,584,20785,2,2,852
12.76354958,8.947631004,0.271178111,2.457453058,12.56868475,11.3587179,7.87766599,0.092943938,1.389738856,2.922998829,14.57619374,10.38162552,0.663863519,3.605025445,30.06281245,11.35763753,9.231993856,0.34175939,4.202373257,16.06448675,1.949860724,1.966292135,14254,103,103,584,20785,2,2,852
9.291388427,7.126881288,0.168080241,0.810161586,7.136293888,6.428415858,1.670811744,0.006945833,0.425934399,0.11604927,11.87622383,9.727484657,2.418493318,1.739415363,27.79946658,10.39307994,7.783153005,0.1825124,1.974790093,4.789001465,1.949860724,1.966292135,14254,103,103,584,20785,2,2,852
10.14039175,9.408177621,0.303496161,2.241682712,11.81678408,8.838833359,8.195330117,0.024518615,1.162622245,3.11931335,11.74375863,10.72688261,0.635738555,3.468266389,26.03220067,10.59386424,9.753430125,0.007807902,1.93291268,16.34245587,1.949860724,1.966292135,14254,103,103,584,20785,2,2,852
12.25340402,9.416519502,0.206965976,5.463544105,9.132234056,11.30876503,8.449252115,0.037295238,2.907424445,4.168324333,13.44148107,10.56992745,0.413933854,8.704898051,21.76893296,11.7021849,9.333657523,0.291416948,4.610332799,17.15683952,1.949860724,1.966292135,14254,103,103,584,20785,2,2,852
11.96023053,10.07999148,0.296540453,3.17853469,9.807701884,10.66903862,8.878622153,0.055119701,1.746041185,1.603582848,13.20942361,11.00186683,0.665232295,5.236026079,23.50245441,11.79159395,10.35095484,0.137227207,3.316838021,11.73536663,1.949860724,1.966292135,14254,103,103,584,20785,2,2,852
10.38151374,10.90531484,0.204573447,4.925036269,2.717294303,8.585709033,10.19548506,0.040977245,2.328855329,0.005348372,11.46958325,12.11500782,0.472974415,8.445797313,9.554624298,10.27609448,10.24993887,0.276286392,5.824914621,4.503951798,1.949860724,1.966292135,14254,103,103,584,20785,2,2,852
10.33191026,8.128240517,0.052346712,2.723078246,11.17284013,7.778723572,5.999058819,6.10E-05,0.814632835,2.794583079,18.93909106,10.30744008,0.196676753,4.477031232,36.53190271,10.06449507,9.809410578,0.060980375,4.084934312,12.11135746,1.949860724,1.966292135,14254,103,103,584,20785,2,2,852
10.90268208,9.826007159,0.307711002,3.521247563,3.908789196,9.584509656,8.899686215,0.058267249,1.83426296,0.024357334,12.4223805,11.11321079,0.666293936,5.550947725,11.22778166,11.41504411,9.929624349,0.197484565,2.716773127,4.073213602,1.949860724,1.966292135,14254,103,103,584,20785,2,2,852
10.8340651,9.030607524,0.1766532,2.479336816,15.96291696,9.243995512,7.982665281,0.045085388,1.439649272,6.538725074,11.86677782,10.35035527,0.484715411,4.041298141,42.4746524,11.75522491,8.567594461,0.269858327,2.55227154,8.87862571,1.949860724,1.966292135,14254,103,103,584,20785,2,2,852
9.932515121,3.598150786,0.163892177,6.481161602,5.49170468,8.357421008,0.035086018,0.003757701,1.640248815,0.639636621,10.91343364,8.471806895,0.506452713,23.58684686,13.73843029,10.408564,8.414790094,0.072919442,5.621808705,2.815607859,1.949860724,1.966292135,14254,103,103,584,20785,2,2,852
11.21110198,7.381654703,0.126135522,1.161777617,11.82248722,9.881796132,3.729369076,0.001436344,0.644585892,0.010334097,12.96517101,10.4743073,0.724502507,1.798210136,28.01605076,11.30775213,8.065119378,0.178203999,1.527422856,5.887735286,1.949860724,1.966292135,14254,103,103,584,20785,2,2,852
11.8729308,9.194499323,0.242683349,5.027320006,2.87607161,10.89131854,7.860485833,0.011102056,2.944730613,0.058799494,12.94210818,10.54425615,0.491368054,8.835183833,9.364462346,11.93416377,8.890807523,0.294166468,3.866264512,5.443319753,1.949860724,1.966292135,14254,103,103,584,20785,2,2,852
